customer_id,region,CPI,Severity,CRS,final_score,action,reason,proposed_text,estimated_action_cost_usd
C017368,rural_south,0,69,0.9,38.7,priority_callback,Service factors likely; review line or schedule investigation.,"We can review your plan and check your line where needed. Would you like us to schedule a priority callback? Credits, if any, are a one-time credit, subject to account review; availability can vary by account and region.",2
C005838,urban_east,0,69,0.9,38.7,priority_callback,Service factors likely; review line or schedule investigation.,"We can review your plan and check your line where needed. Would you like us to schedule a priority callback? Credits, if any, are a one-time credit, subject to account review; availability can vary by account and region.",2
C010015,urban_east,0,69,0.89,38.5,priority_callback,Service factors likely; review line or schedule investigation.,"We can review your plan and check your line where needed. Would you like us to schedule a priority callback? Credits, if any, are a one-time credit, subject to account review; availability can vary by account and region.",2
C009750,rural_south,0,69,0.89,38.5,priority_callback,Service factors likely; review line or schedule investigation.,"We can review your plan and check your line where needed. Would you like us to schedule a priority callback? Credits, if any, are a one-time credit, subject to account review; availability can vary by account and region.",2
C000098,urban_east,0,69,0.89,38.5,priority_callback,Service factors likely; review line or schedule investigation.,"We can review your plan and check your line where needed. Would you like us to schedule a priority callback? Credits, if any, are a one-time credit, subject to account review; availability can vary by account and region.",2
C010835,urban_east,0,68,0.9,38.4,priority_callback,Service factors likely; review line or schedule investigation.,"We can review your plan and check your line where needed. Would you like us to schedule a priority callback? Credits, if any, are a one-time credit, subject to account review; availability can vary by account and region.",2
C007824,suburb_east,0,68,0.9,38.4,priority_callback,Service factors likely; review line or schedule investigation.,"We can review your plan and check your line where needed. Would you like us to schedule a priority callback? Credits, if any, are a one-time credit, subject to account review; availability can vary by account and region.",2
C007537,suburb_east,0,68,0.9,38.4,priority_callback,Service factors likely; review line or schedule investigation.,"We can review your plan and check your line where needed. Would you like us to schedule a priority callback? Credits, if any, are a one-time credit, subject to account review; availability can vary by account and region.",2
C014519,rural_south,0,68,0.9,38.4,priority_callback,Service factors likely; review line or schedule investigation.,"We can review your plan and check your line where needed. Would you like us to schedule a priority callback? Credits, if any, are a one-time credit, subject to account review; availability can vary by account and region.",2
C000495,urban_east,0,68,0.89,38.2,priority_callback,Service factors likely; review line or schedule investigation.,"We can review your plan and check your line where needed. Would you like us to schedule a priority callback? Credits, if any, are a one-time credit, subject to account review; availability can vary by account and region.",2
C014790,rural_south,0,69,0.87,38.1,priority_callback,Service factors likely; review line or schedule investigation.,"We can review your plan and check your line where needed. Would you like us to schedule a priority callback? Credits, if any, are a one-time credit, subject to account review; availability can vary by account and region.",2
C013168,metro_north,0,67,0.9,38.1,priority_callback,Service factors likely; review line or schedule investigation.,"We can review your plan and check your line where needed. Would you like us to schedule a priority callback? Credits, if any, are a one-time credit, subject to account review; availability can vary by account and region.",2
C007408,rural_south,0,67,0.9,38.1,priority_callback,Service factors likely; review line or schedule investigation.,"We can review your plan and check your line where needed. Would you like us to schedule a priority callback? Credits, if any, are a one-time credit, subject to account review; availability can vary by account and region.",2
C005517,suburb_east,0,67,0.9,38.1,priority_callback,Service factors likely; review line or schedule investigation.,"We can review your plan and check your line where needed. Would you like us to schedule a priority callback? Credits, if any, are a one-time credit, subject to account review; availability can vary by account and region.",2
C014186,urban_east,0,68,0.88,38.0,priority_callback,Service factors likely; review line or schedule investigation.,"We can review your plan and check your line where needed. Would you like us to schedule a priority callback? Credits, if any, are a one-time credit, subject to account review; availability can vary by account and region.",2
C008154,rural_south,0,68,0.88,38.0,priority_callback,Service factors likely; review line or schedule investigation.,"We can review your plan and check your line where needed. Would you like us to schedule a priority callback? Credits, if any, are a one-time credit, subject to account review; availability can vary by account and region.",2
C002012,metro_north,0,67,0.89,37.9,priority_callback,Service factors likely; review line or schedule investigation.,"We can review your plan and check your line where needed. Would you like us to schedule a priority callback? Credits, if any, are a one-time credit, subject to account review; availability can vary by account and region.",2
C006352,urban_east,0,67,0.89,37.9,priority_callback,Service factors likely; review line or schedule investigation.,"We can review your plan and check your line where needed. Would you like us to schedule a priority callback? Credits, if any, are a one-time credit, subject to account review; availability can vary by account and region.",2
C004113,metro_north,0,67,0.89,37.9,priority_callback,Service factors likely; review line or schedule investigation.,"We can review your plan and check your line where needed. Would you like us to schedule a priority callback? Credits, if any, are a one-time credit, subject to account review; availability can vary by account and region.",2
C004872,metro_north,0,67,0.89,37.9,priority_callback,Service factors likely; review line or schedule investigation.,"We can review your plan and check your line where needed. Would you like us to schedule a priority callback? Credits, if any, are a one-time credit, subject to account review; availability can vary by account and region.",2
C019045,urban_east,0,67,0.89,37.9,priority_callback,Service factors likely; review line or schedule investigation.,"We can review your plan and check your line where needed. Would you like us to schedule a priority callback? Credits, if any, are a one-time credit, subject to account review; availability can vary by account and region.",2
C002024,metro_north,0,68,0.87,37.8,priority_callback,Service factors likely; review line or schedule investigation.,"We can review your plan and check your line where needed. Would you like us to schedule a priority callback? Credits, if any, are a one-time credit, subject to account review; availability can vary by account and region.",2
C012805,suburb_east,0,68,0.87,37.8,priority_callback,Service factors likely; review line or schedule investigation.,"We can review your plan and check your line where needed. Would you like us to schedule a priority callback? Credits, if any, are a one-time credit, subject to account review; availability can vary by account and region.",2
C004104,metro_north,0,68,0.87,37.8,priority_callback,Service factors likely; review line or schedule investigation.,"We can review your plan and check your line where needed. Would you like us to schedule a priority callback? Credits, if any, are a one-time credit, subject to account review; availability can vary by account and region.",2
C011587,urban_east,0,69,0.85,37.7,priority_callback,Service factors likely; review line or schedule investigation.,"We can review your plan and check your line where needed. Would you like us to schedule a priority callback? Credits, if any, are a one-time credit, subject to account review; availability can vary by account and region.",2
C016096,rural_south,0,67,0.88,37.7,priority_callback,Service factors likely; review line or schedule investigation.,"We can review your plan and check your line where needed. Would you like us to schedule a priority callback? Credits, if any, are a one-time credit, subject to account review; availability can vary by account and region.",2
C012989,urban_east,0,66,0.89,37.6,priority_callback,Service factors likely; review line or schedule investigation.,"We can review your plan and check your line where needed. Would you like us to schedule a priority callback? Credits, if any, are a one-time credit, subject to account review; availability can vary by account and region.",2
C004303,suburb_east,0,66,0.89,37.6,priority_callback,Service factors likely; review line or schedule investigation.,"We can review your plan and check your line where needed. Would you like us to schedule a priority callback? Credits, if any, are a one-time credit, subject to account review; availability can vary by account and region.",2
C011668,suburb_east,0,68,0.86,37.6,priority_callback,Service factors likely; review line or schedule investigation.,"We can review your plan and check your line where needed. Would you like us to schedule a priority callback? Credits, if any, are a one-time credit, subject to account review; availability can vary by account and region.",2
C001167,suburb_east,0,68,0.86,37.6,priority_callback,Service factors likely; review line or schedule investigation.,"We can review your plan and check your line where needed. Would you like us to schedule a priority callback? Credits, if any, are a one-time credit, subject to account review; availability can vary by account and region.",2
C010928,urban_east,0,66,0.89,37.6,priority_callback,Service factors likely; review line or schedule investigation.,"We can review your plan and check your line where needed. Would you like us to schedule a priority callback? Credits, if any, are a one-time credit, subject to account review; availability can vary by account and region.",2
C015176,suburb_east,0,66,0.89,37.6,priority_callback,Service factors likely; review line or schedule investigation.,"We can review your plan and check your line where needed. Would you like us to schedule a priority callback? Credits, if any, are a one-time credit, subject to account review; availability can vary by account and region.",2
C001903,suburb_east,0,67,0.87,37.5,priority_callback,Service factors likely; review line or schedule investigation.,"We can review your plan and check your line where needed. Would you like us to schedule a priority callback? Credits, if any, are a one-time credit, subject to account review; availability can vary by account and region.",2
C019612,metro_north,0,67,0.87,37.5,priority_callback,Service factors likely; review line or schedule investigation.,"We can review your plan and check your line where needed. Would you like us to schedule a priority callback? Credits, if any, are a one-time credit, subject to account review; availability can vary by account and region.",2
C018718,metro_north,0,67,0.87,37.5,priority_callback,Service factors likely; review line or schedule investigation.,"We can review your plan and check your line where needed. Would you like us to schedule a priority callback? Credits, if any, are a one-time credit, subject to account review; availability can vary by account and region.",2
C018548,urban_east,0,68,0.85,37.4,priority_callback,Service factors likely; review line or schedule investigation.,"We can review your plan and check your line where needed. Would you like us to schedule a priority callback? Credits, if any, are a one-time credit, subject to account review; availability can vary by account and region.",2
C009233,rural_south,0,68,0.85,37.4,priority_callback,Service factors likely; review line or schedule investigation.,"We can review your plan and check your line where needed. Would you like us to schedule a priority callback? Credits, if any, are a one-time credit, subject to account review; availability can vary by account and region.",2
C009238,metro_north,0,66,0.88,37.4,priority_callback,Service factors likely; review line or schedule investigation.,"We can review your plan and check your line where needed. Would you like us to schedule a priority callback? Credits, if any, are a one-time credit, subject to account review; availability can vary by account and region.",2
C009293,urban_east,0,68,0.85,37.4,priority_callback,Service factors likely; review line or schedule investigation.,"We can review your plan and check your line where needed. Would you like us to schedule a priority callback? Credits, if any, are a one-time credit, subject to account review; availability can vary by account and region.",2
C000988,urban_east,0,65,0.89,37.3,priority_callback,Service factors likely; review line or schedule investigation.,"We can review your plan and check your line where needed. Would you like us to schedule a priority callback? Credits, if any, are a one-time credit, subject to account review; availability can vary by account and region.",2
C009466,rural_south,0,67,0.86,37.3,priority_callback,Service factors likely; review line or schedule investigation.,"We can review your plan and check your line where needed. Would you like us to schedule a priority callback? Credits, if any, are a one-time credit, subject to account review; availability can vary by account and region.",2
C009478,rural_north,0,65,0.89,37.3,priority_callback,Service factors likely; review line or schedule investigation.,"We can review your plan and check your line where needed. Would you like us to schedule a priority callback? Credits, if any, are a one-time credit, subject to account review; availability can vary by account and region.",2
C017325,urban_east,0,69,0.83,37.3,priority_callback,Service factors likely; review line or schedule investigation.,"We can review your plan and check your line where needed. Would you like us to schedule a priority callback? Credits, if any, are a one-time credit, subject to account review; availability can vary by account and region.",2
C011595,rural_north,0,69,0.83,37.3,priority_callback,Service factors likely; review line or schedule investigation.,"We can review your plan and check your line where needed. Would you like us to schedule a priority callback? Credits, if any, are a one-time credit, subject to account review; availability can vary by account and region.",2
C018000,suburb_east,0,65,0.89,37.3,priority_callback,Service factors likely; review line or schedule investigation.,"We can review your plan and check your line where needed. Would you like us to schedule a priority callback? Credits, if any, are a one-time credit, subject to account review; availability can vary by account and region.",2
C016021,urban_east,0,66,0.87,37.2,priority_callback,Service factors likely; review line or schedule investigation.,"We can review your plan and check your line where needed. Would you like us to schedule a priority callback? Credits, if any, are a one-time credit, subject to account review; availability can vary by account and region.",2
C006944,metro_north,0,68,0.84,37.2,priority_callback,Service factors likely; review line or schedule investigation.,"We can review your plan and check your line where needed. Would you like us to schedule a priority callback? Credits, if any, are a one-time credit, subject to account review; availability can vary by account and region.",2
C006853,rural_north,0,66,0.87,37.2,priority_callback,Service factors likely; review line or schedule investigation.,"We can review your plan and check your line where needed. Would you like us to schedule a priority callback? Credits, if any, are a one-time credit, subject to account review; availability can vary by account and region.",2
C001800,metro_north,0,66,0.87,37.2,priority_callback,Service factors likely; review line or schedule investigation.,"We can review your plan and check your line where needed. Would you like us to schedule a priority callback? Credits, if any, are a one-time credit, subject to account review; availability can vary by account and region.",2
C006359,rural_south,0,66,0.87,37.2,priority_callback,Service factors likely; review line or schedule investigation.,"We can review your plan and check your line where needed. Would you like us to schedule a priority callback? Credits, if any, are a one-time credit, subject to account review; availability can vary by account and region.",2
C013749,suburb_east,0,64,0.9,37.2,priority_callback,Service factors likely; review line or schedule investigation.,"We can review your plan and check your line where needed. Would you like us to schedule a priority callback? Credits, if any, are a one-time credit, subject to account review; availability can vary by account and region.",2
C010589,suburb_east,0,66,0.87,37.2,priority_callback,Service factors likely; review line or schedule investigation.,"We can review your plan and check your line where needed. Would you like us to schedule a priority callback? Credits, if any, are a one-time credit, subject to account review; availability can vary by account and region.",2
C006502,metro_north,0,64,0.9,37.2,priority_callback,Service factors likely; review line or schedule investigation.,"We can review your plan and check your line where needed. Would you like us to schedule a priority callback? Credits, if any, are a one-time credit, subject to account review; availability can vary by account and region.",2
C016007,urban_east,0,66,0.87,37.2,priority_callback,Service factors likely; review line or schedule investigation.,"We can review your plan and check your line where needed. Would you like us to schedule a priority callback? Credits, if any, are a one-time credit, subject to account review; availability can vary by account and region.",2
C013805,suburb_east,0,64,0.9,37.2,priority_callback,Service factors likely; review line or schedule investigation.,"We can review your plan and check your line where needed. Would you like us to schedule a priority callback? Credits, if any, are a one-time credit, subject to account review; availability can vary by account and region.",2
C010697,rural_south,0,69,0.82,37.1,priority_callback,Service factors likely; review line or schedule investigation.,"We can review your plan and check your line where needed. Would you like us to schedule a priority callback? Credits, if any, are a one-time credit, subject to account review; availability can vary by account and region.",2
C002384,urban_east,0,69,0.82,37.1,priority_callback,Service factors likely; review line or schedule investigation.,"We can review your plan and check your line where needed. Would you like us to schedule a priority callback? Credits, if any, are a one-time credit, subject to account review; availability can vary by account and region.",2
C002108,rural_north,0,67,0.85,37.1,priority_callback,Service factors likely; review line or schedule investigation.,"We can review your plan and check your line where needed. Would you like us to schedule a priority callback? Credits, if any, are a one-time credit, subject to account review; availability can vary by account and region.",2
C017705,urban_east,0,67,0.85,37.1,priority_callback,Service factors likely; review line or schedule investigation.,"We can review your plan and check your line where needed. Would you like us to schedule a priority callback? Credits, if any, are a one-time credit, subject to account review; availability can vary by account and region.",2
C004697,urban_east,0,68,0.83,37.0,priority_callback,Service factors likely; review line or schedule investigation.,"We can review your plan and check your line where needed. Would you like us to schedule a priority callback? Credits, if any, are a one-time credit, subject to account review; availability can vary by account and region.",2
C002019,metro_north,0,68,0.83,37.0,priority_callback,Service factors likely; review line or schedule investigation.,"We can review your plan and check your line where needed. Would you like us to schedule a priority callback? Credits, if any, are a one-time credit, subject to account review; availability can vary by account and region.",2
C003280,suburb_east,0,66,0.86,37.0,priority_callback,Service factors likely; review line or schedule investigation.,"We can review your plan and check your line where needed. Would you like us to schedule a priority callback? Credits, if any, are a one-time credit, subject to account review; availability can vary by account and region.",2
C007723,metro_north,0,66,0.86,37.0,priority_callback,Service factors likely; review line or schedule investigation.,"We can review your plan and check your line where needed. Would you like us to schedule a priority callback? Credits, if any, are a one-time credit, subject to account review; availability can vary by account and region.",2
C002991,metro_north,0,68,0.83,37.0,priority_callback,Service factors likely; review line or schedule investigation.,"We can review your plan and check your line where needed. Would you like us to schedule a priority callback? Credits, if any, are a one-time credit, subject to account review; availability can vary by account and region.",2
C010359,metro_north,0,66,0.86,37.0,priority_callback,Service factors likely; review line or schedule investigation.,"We can review your plan and check your line where needed. Would you like us to schedule a priority callback? Credits, if any, are a one-time credit, subject to account review; availability can vary by account and region.",2
C003673,suburb_east,0,66,0.86,37.0,priority_callback,Service factors likely; review line or schedule investigation.,"We can review your plan and check your line where needed. Would you like us to schedule a priority callback? Credits, if any, are a one-time credit, subject to account review; availability can vary by account and region.",2
C001389,rural_south,0,66,0.86,37.0,priority_callback,Service factors likely; review line or schedule investigation.,"We can review your plan and check your line where needed. Would you like us to schedule a priority callback? Credits, if any, are a one-time credit, subject to account review; availability can vary by account and region.",2
C016498,metro_north,0,66,0.86,37.0,priority_callback,Service factors likely; review line or schedule investigation.,"We can review your plan and check your line where needed. Would you like us to schedule a priority callback? Credits, if any, are a one-time credit, subject to account review; availability can vary by account and region.",2
C005778,metro_north,0,66,0.86,37.0,priority_callback,Service factors likely; review line or schedule investigation.,"We can review your plan and check your line where needed. Would you like us to schedule a priority callback? Credits, if any, are a one-time credit, subject to account review; availability can vary by account and region.",2
C003883,rural_south,0,68,0.83,37.0,priority_callback,Service factors likely; review line or schedule investigation.,"We can review your plan and check your line where needed. Would you like us to schedule a priority callback? Credits, if any, are a one-time credit, subject to account review; availability can vary by account and region.",2
C011908,urban_east,0,69,0.81,36.9,priority_callback,Service factors likely; review line or schedule investigation.,"We can review your plan and check your line where needed. Would you like us to schedule a priority callback? Credits, if any, are a one-time credit, subject to account review; availability can vary by account and region.",2
C019948,metro_north,0,65,0.87,36.9,priority_callback,Service factors likely; review line or schedule investigation.,"We can review your plan and check your line where needed. Would you like us to schedule a priority callback? Credits, if any, are a one-time credit, subject to account review; availability can vary by account and region.",2
C009213,metro_north,0,67,0.84,36.9,priority_callback,Service factors likely; review line or schedule investigation.,"We can review your plan and check your line where needed. Would you like us to schedule a priority callback? Credits, if any, are a one-time credit, subject to account review; availability can vary by account and region.",2
C010345,rural_north,0,65,0.87,36.9,priority_callback,Service factors likely; review line or schedule investigation.,"We can review your plan and check your line where needed. Would you like us to schedule a priority callback? Credits, if any, are a one-time credit, subject to account review; availability can vary by account and region.",2
C012224,urban_east,0,69,0.81,36.9,priority_callback,Service factors likely; review line or schedule investigation.,"We can review your plan and check your line where needed. Would you like us to schedule a priority callback? Credits, if any, are a one-time credit, subject to account review; availability can vary by account and region.",2
C019405,suburb_east,0,67,0.84,36.9,priority_callback,Service factors likely; review line or schedule investigation.,"We can review your plan and check your line where needed. Would you like us to schedule a priority callback? Credits, if any, are a one-time credit, subject to account review; availability can vary by account and region.",2
C011722,rural_north,0,68,0.82,36.8,priority_callback,Service factors likely; review line or schedule investigation.,"We can review your plan and check your line where needed. Would you like us to schedule a priority callback? Credits, if any, are a one-time credit, subject to account review; availability can vary by account and region.",2
C013077,suburb_east,0,64,0.88,36.8,priority_callback,Service factors likely; review line or schedule investigation.,"We can review your plan and check your line where needed. Would you like us to schedule a priority callback? Credits, if any, are a one-time credit, subject to account review; availability can vary by account and region.",2
C015227,metro_north,0,68,0.82,36.8,priority_callback,Service factors likely; review line or schedule investigation.,"We can review your plan and check your line where needed. Would you like us to schedule a priority callback? Credits, if any, are a one-time credit, subject to account review; availability can vary by account and region.",2
C015968,urban_east,0,64,0.88,36.8,priority_callback,Service factors likely; review line or schedule investigation.,"We can review your plan and check your line where needed. Would you like us to schedule a priority callback? Credits, if any, are a one-time credit, subject to account review; availability can vary by account and region.",2
C007286,urban_east,0,64,0.88,36.8,priority_callback,Service factors likely; review line or schedule investigation.,"We can review your plan and check your line where needed. Would you like us to schedule a priority callback? Credits, if any, are a one-time credit, subject to account review; availability can vary by account and region.",2
C006861,metro_north,0,68,0.82,36.8,priority_callback,Service factors likely; review line or schedule investigation.,"We can review your plan and check your line where needed. Would you like us to schedule a priority callback? Credits, if any, are a one-time credit, subject to account review; availability can vary by account and region.",2
C016466,metro_north,0,64,0.88,36.8,priority_callback,Service factors likely; review line or schedule investigation.,"We can review your plan and check your line where needed. Would you like us to schedule a priority callback? Credits, if any, are a one-time credit, subject to account review; availability can vary by account and region.",2
C013140,metro_north,0,68,0.82,36.8,priority_callback,Service factors likely; review line or schedule investigation.,"We can review your plan and check your line where needed. Would you like us to schedule a priority callback? Credits, if any, are a one-time credit, subject to account review; availability can vary by account and region.",2
C012771,suburb_east,0,68,0.82,36.8,priority_callback,Service factors likely; review line or schedule investigation.,"We can review your plan and check your line where needed. Would you like us to schedule a priority callback? Credits, if any, are a one-time credit, subject to account review; availability can vary by account and region.",2
C011714,urban_east,0,66,0.85,36.8,priority_callback,Service factors likely; review line or schedule investigation.,"We can review your plan and check your line where needed. Would you like us to schedule a priority callback? Credits, if any, are a one-time credit, subject to account review; availability can vary by account and region.",2
C005682,urban_east,0,66,0.85,36.8,priority_callback,Service factors likely; review line or schedule investigation.,"We can review your plan and check your line where needed. Would you like us to schedule a priority callback? Credits, if any, are a one-time credit, subject to account review; availability can vary by account and region.",2
C006875,rural_north,0,65,0.86,36.7,priority_callback,Service factors likely; review line or schedule investigation.,"We can review your plan and check your line where needed. Would you like us to schedule a priority callback? Credits, if any, are a one-time credit, subject to account review; availability can vary by account and region.",2
C006276,urban_west,0,63,0.89,36.7,priority_callback,Service factors likely; review line or schedule investigation.,"We can review your plan and check your line where needed. Would you like us to schedule a priority callback? Credits, if any, are a one-time credit, subject to account review; availability can vary by account and region.",2
C017986,urban_east,0,65,0.86,36.7,priority_callback,Service factors likely; review line or schedule investigation.,"We can review your plan and check your line where needed. Would you like us to schedule a priority callback? Credits, if any, are a one-time credit, subject to account review; availability can vary by account and region.",2
C001963,suburb_east,0,63,0.89,36.7,priority_callback,Service factors likely; review line or schedule investigation.,"We can review your plan and check your line where needed. Would you like us to schedule a priority callback? Credits, if any, are a one-time credit, subject to account review; availability can vary by account and region.",2
C019645,urban_west,0,63,0.89,36.7,priority_callback,Service factors likely; review line or schedule investigation.,"We can review your plan and check your line where needed. Would you like us to schedule a priority callback? Credits, if any, are a one-time credit, subject to account review; availability can vary by account and region.",2
C018156,urban_east,0,69,0.8,36.7,priority_callback,Service factors likely; review line or schedule investigation.,"We can review your plan and check your line where needed. Would you like us to schedule a priority callback? Credits, if any, are a one-time credit, subject to account review; availability can vary by account and region.",2
C011100,rural_south,0,67,0.83,36.7,priority_callback,Service factors likely; review line or schedule investigation.,"We can review your plan and check your line where needed. Would you like us to schedule a priority callback? Credits, if any, are a one-time credit, subject to account review; availability can vary by account and region.",2
C018051,metro_north,0,67,0.83,36.7,priority_callback,Service factors likely; review line or schedule investigation.,"We can review your plan and check your line where needed. Would you like us to schedule a priority callback? Credits, if any, are a one-time credit, subject to account review; availability can vary by account and region.",2
C007056,metro_north,0,65,0.86,36.7,priority_callback,Service factors likely; review line or schedule investigation.,"We can review your plan and check your line where needed. Would you like us to schedule a priority callback? Credits, if any, are a one-time credit, subject to account review; availability can vary by account and region.",2
C014174,suburb_east,0,63,0.89,36.7,priority_callback,Service factors likely; review line or schedule investigation.,"We can review your plan and check your line where needed. Would you like us to schedule a priority callback? Credits, if any, are a one-time credit, subject to account review; availability can vary by account and region.",2
C001643,urban_east,0,69,0.8,36.7,priority_callback,Service factors likely; review line or schedule investigation.,"We can review your plan and check your line where needed. Would you like us to schedule a priority callback? Credits, if any, are a one-time credit, subject to account review; availability can vary by account and region.",2
C002202,metro_north,0,67,0.83,36.7,priority_callback,Service factors likely; review line or schedule investigation.,"We can review your plan and check your line where needed. Would you like us to schedule a priority callback? Credits, if any, are a one-time credit, subject to account review; availability can vary by account and region.",2
C002238,metro_north,0,65,0.86,36.7,priority_callback,Service factors likely; review line or schedule investigation.,"We can review your plan and check your line where needed. Would you like us to schedule a priority callback? Credits, if any, are a one-time credit, subject to account review; availability can vary by account and region.",2
C006988,urban_east,0,66,0.84,36.6,priority_callback,Service factors likely; review line or schedule investigation.,"We can review your plan and check your line where needed. Would you like us to schedule a priority callback? Credits, if any, are a one-time credit, subject to account review; availability can vary by account and region.",2
C001994,metro_north,0,68,0.81,36.6,priority_callback,Service factors likely; review line or schedule investigation.,"We can review your plan and check your line where needed. Would you like us to schedule a priority callback? Credits, if any, are a one-time credit, subject to account review; availability can vary by account and region.",2
C016554,rural_south,0,66,0.84,36.6,priority_callback,Service factors likely; review line or schedule investigation.,"We can review your plan and check your line where needed. Would you like us to schedule a priority callback? Credits, if any, are a one-time credit, subject to account review; availability can vary by account and region.",2
C009594,urban_east,0,68,0.81,36.6,priority_callback,Service factors likely; review line or schedule investigation.,"We can review your plan and check your line where needed. Would you like us to schedule a priority callback? Credits, if any, are a one-time credit, subject to account review; availability can vary by account and region.",2
C003195,metro_south,0,62,0.9,36.6,priority_callback,Service factors likely; review line or schedule investigation.,"We can review your plan and check your line where needed. Would you like us to schedule a priority callback? Credits, if any, are a one-time credit, subject to account review; availability can vary by account and region.",2
C007016,rural_north,0,68,0.81,36.6,priority_callback,Service factors likely; review line or schedule investigation.,"We can review your plan and check your line where needed. Would you like us to schedule a priority callback? Credits, if any, are a one-time credit, subject to account review; availability can vary by account and region.",2
C018961,urban_west,0,62,0.9,36.6,priority_callback,Service factors likely; review line or schedule investigation.,"We can review your plan and check your line where needed. Would you like us to schedule a priority callback? Credits, if any, are a one-time credit, subject to account review; availability can vary by account and region.",2
C009132,suburb_east,0,68,0.81,36.6,priority_callback,Service factors likely; review line or schedule investigation.,"We can review your plan and check your line where needed. Would you like us to schedule a priority callback? Credits, if any, are a one-time credit, subject to account review; availability can vary by account and region.",2
C005698,urban_east,0,66,0.84,36.6,priority_callback,Service factors likely; review line or schedule investigation.,"We can review your plan and check your line where needed. Would you like us to schedule a priority callback? Credits, if any, are a one-time credit, subject to account review; availability can vary by account and region.",2
C003723,rural_south,0,66,0.84,36.6,priority_callback,Service factors likely; review line or schedule investigation.,"We can review your plan and check your line where needed. Would you like us to schedule a priority callback? Credits, if any, are a one-time credit, subject to account review; availability can vary by account and region.",2
C016333,suburb_east,0,68,0.81,36.6,priority_callback,Service factors likely; review line or schedule investigation.,"We can review your plan and check your line where needed. Would you like us to schedule a priority callback? Credits, if any, are a one-time credit, subject to account review; availability can vary by account and region.",2
C001350,metro_north,0,64,0.87,36.6,priority_callback,Service factors likely; review line or schedule investigation.,"We can review your plan and check your line where needed. Would you like us to schedule a priority callback? Credits, if any, are a one-time credit, subject to account review; availability can vary by account and region.",2
C008815,urban_west,0,62,0.9,36.6,priority_callback,Service factors likely; review line or schedule investigation.,"We can review your plan and check your line where needed. Would you like us to schedule a priority callback? Credits, if any, are a one-time credit, subject to account review; availability can vary by account and region.",2
C005627,urban_east,0,66,0.84,36.6,priority_callback,Service factors likely; review line or schedule investigation.,"We can review your plan and check your line where needed. Would you like us to schedule a priority callback? Credits, if any, are a one-time credit, subject to account review; availability can vary by account and region.",2
C017265,rural_north,0,68,0.81,36.6,priority_callback,Service factors likely; review line or schedule investigation.,"We can review your plan and check your line where needed. Would you like us to schedule a priority callback? Credits, if any, are a one-time credit, subject to account review; availability can vary by account and region.",2
C013439,rural_north,0,68,0.81,36.6,priority_callback,Service factors likely; review line or schedule investigation.,"We can review your plan and check your line where needed. Would you like us to schedule a priority callback? Credits, if any, are a one-time credit, subject to account review; availability can vary by account and region.",2
C004158,rural_north,0,64,0.87,36.6,priority_callback,Service factors likely; review line or schedule investigation.,"We can review your plan and check your line where needed. Would you like us to schedule a priority callback? Credits, if any, are a one-time credit, subject to account review; availability can vary by account and region.",2
C019818,rural_south,0,63,0.88,36.5,priority_callback,Service factors likely; review line or schedule investigation.,"We can review your plan and check your line where needed. Would you like us to schedule a priority callback? Credits, if any, are a one-time credit, subject to account review; availability can vary by account and region.",2
C012515,suburb_east,0,63,0.88,36.5,priority_callback,Service factors likely; review line or schedule investigation.,"We can review your plan and check your line where needed. Would you like us to schedule a priority callback? Credits, if any, are a one-time credit, subject to account review; availability can vary by account and region.",2
C011106,metro_north,0,67,0.82,36.5,priority_callback,Service factors likely; review line or schedule investigation.,"We can review your plan and check your line where needed. Would you like us to schedule a priority callback? Credits, if any, are a one-time credit, subject to account review; availability can vary by account and region.",2
C018957,urban_east,0,67,0.82,36.5,priority_callback,Service factors likely; review line or schedule investigation.,"We can review your plan and check your line where needed. Would you like us to schedule a priority callback? Credits, if any, are a one-time credit, subject to account review; availability can vary by account and region.",2
C015161,urban_east,0,65,0.85,36.5,priority_callback,Service factors likely; review line or schedule investigation.,"We can review your plan and check your line where needed. Would you like us to schedule a priority callback? Credits, if any, are a one-time credit, subject to account review; availability can vary by account and region.",2
C006087,suburb_east,0,67,0.82,36.5,priority_callback,Service factors likely; review line or schedule investigation.,"We can review your plan and check your line where needed. Would you like us to schedule a priority callback? Credits, if any, are a one-time credit, subject to account review; availability can vary by account and region.",2
C013173,urban_east,0,69,0.79,36.5,plan_review,Moderate risk; review options before committing credits.,"We can review your plan and check your line where needed. Would you like us to schedule a priority callback? Credits, if any, are a one-time credit, subject to account review; availability can vary by account and region.",0
C003243,urban_west,0,63,0.88,36.5,priority_callback,Service factors likely; review line or schedule investigation.,"We can review your plan and check your line where needed. Would you like us to schedule a priority callback? Credits, if any, are a one-time credit, subject to account review; availability can vary by account and region.",2
C003524,metro_north,0,67,0.82,36.5,priority_callback,Service factors likely; review line or schedule investigation.,"We can review your plan and check your line where needed. Would you like us to schedule a priority callback? Credits, if any, are a one-time credit, subject to account review; availability can vary by account and region.",2
C002235,urban_west,0,63,0.88,36.5,priority_callback,Service factors likely; review line or schedule investigation.,"We can review your plan and check your line where needed. Would you like us to schedule a priority callback? Credits, if any, are a one-time credit, subject to account review; availability can vary by account and region.",2
C010205,metro_north,0,64,0.86,36.4,priority_callback,Service factors likely; review line or schedule investigation.,"We can review your plan and check your line where needed. Would you like us to schedule a priority callback? Credits, if any, are a one-time credit, subject to account review; availability can vary by account and region.",2
C017762,suburb_east,0,66,0.83,36.4,priority_callback,Service factors likely; review line or schedule investigation.,"We can review your plan and check your line where needed. Would you like us to schedule a priority callback? Credits, if any, are a one-time credit, subject to account review; availability can vary by account and region.",2
C008787,urban_east,0,68,0.8,36.4,priority_callback,Service factors likely; review line or schedule investigation.,"We can review your plan and check your line where needed. Would you like us to schedule a priority callback? Credits, if any, are a one-time credit, subject to account review; availability can vary by account and region.",2
C005140,rural_south,0,66,0.83,36.4,priority_callback,Service factors likely; review line or schedule investigation.,"We can review your plan and check your line where needed. Would you like us to schedule a priority callback? Credits, if any, are a one-time credit, subject to account review; availability can vary by account and region.",2
C009204,urban_east,0,68,0.8,36.4,priority_callback,Service factors likely; review line or schedule investigation.,"We can review your plan and check your line where needed. Would you like us to schedule a priority callback? Credits, if any, are a one-time credit, subject to account review; availability can vary by account and region.",2
C014791,urban_east,0,64,0.86,36.4,priority_callback,Service factors likely; review line or schedule investigation.,"We can review your plan and check your line where needed. Would you like us to schedule a priority callback? Credits, if any, are a one-time credit, subject to account review; availability can vary by account and region.",2
C009785,urban_west,0,62,0.89,36.4,priority_callback,Service factors likely; review line or schedule investigation.,"We can review your plan and check your line where needed. Would you like us to schedule a priority callback? Credits, if any, are a one-time credit, subject to account review; availability can vary by account and region.",2
C009542,metro_south,0,62,0.89,36.4,priority_callback,Service factors likely; review line or schedule investigation.,"We can review your plan and check your line where needed. Would you like us to schedule a priority callback? Credits, if any, are a one-time credit, subject to account review; availability can vary by account and region.",2
C018755,suburb_east,0,62,0.89,36.4,priority_callback,Service factors likely; review line or schedule investigation.,"We can review your plan and check your line where needed. Would you like us to schedule a priority callback? Credits, if any, are a one-time credit, subject to account review; availability can vary by account and region.",2
C019581,suburb_east,0,68,0.8,36.4,priority_callback,Service factors likely; review line or schedule investigation.,"We can review your plan and check your line where needed. Would you like us to schedule a priority callback? Credits, if any, are a one-time credit, subject to account review; availability can vary by account and region.",2
C012483,metro_south,0,62,0.89,36.4,priority_callback,Service factors likely; review line or schedule investigation.,"We can review your plan and check your line where needed. Would you like us to schedule a priority callback? Credits, if any, are a one-time credit, subject to account review; availability can vary by account and region.",2
C010379,suburb_east,0,68,0.8,36.4,priority_callback,Service factors likely; review line or schedule investigation.,"We can review your plan and check your line where needed. Would you like us to schedule a priority callback? Credits, if any, are a one-time credit, subject to account review; availability can vary by account and region.",2
C016638,metro_north,0,64,0.86,36.4,priority_callback,Service factors likely; review line or schedule investigation.,"We can review your plan and check your line where needed. Would you like us to schedule a priority callback? Credits, if any, are a one-time credit, subject to account review; availability can vary by account and region.",2
C011893,metro_north,0,66,0.83,36.4,priority_callback,Service factors likely; review line or schedule investigation.,"We can review your plan and check your line where needed. Would you like us to schedule a priority callback? Credits, if any, are a one-time credit, subject to account review; availability can vary by account and region.",2
C002514,urban_east,0,66,0.83,36.4,priority_callback,Service factors likely; review line or schedule investigation.,"We can review your plan and check your line where needed. Would you like us to schedule a priority callback? Credits, if any, are a one-time credit, subject to account review; availability can vary by account and region.",2
C010816,urban_west,0,63,0.87,36.3,priority_callback,Service factors likely; review line or schedule investigation.,"We can review your plan and check your line where needed. Would you like us to schedule a priority callback? Credits, if any, are a one-time credit, subject to account review; availability can vary by account and region.",2
C000937,metro_north,0,63,0.87,36.3,priority_callback,Service factors likely; review line or schedule investigation.,"We can review your plan and check your line where needed. Would you like us to schedule a priority callback? Credits, if any, are a one-time credit, subject to account review; availability can vary by account and region.",2
C015663,urban_east,0,65,0.84,36.3,priority_callback,Service factors likely; review line or schedule investigation.,"We can review your plan and check your line where needed. Would you like us to schedule a priority callback? Credits, if any, are a one-time credit, subject to account review; availability can vary by account and region.",2
C017726,rural_south,0,63,0.87,36.3,priority_callback,Service factors likely; review line or schedule investigation.,"We can review your plan and check your line where needed. Would you like us to schedule a priority callback? Credits, if any, are a one-time credit, subject to account review; availability can vary by account and region.",2
C019526,suburb_east,0,67,0.81,36.3,priority_callback,Service factors likely; review line or schedule investigation.,"We can review your plan and check your line where needed. Would you like us to schedule a priority callback? Credits, if any, are a one-time credit, subject to account review; availability can vary by account and region.",2
C007801,metro_north,0,61,0.9,36.3,priority_callback,Service factors likely; review line or schedule investigation.,"We can review your plan and check your line where needed. Would you like us to schedule a priority callback? Credits, if any, are a one-time credit, subject to account review; availability can vary by account and region.",2
C015510,metro_north,0,63,0.87,36.3,priority_callback,Service factors likely; review line or schedule investigation.,"We can review your plan and check your line where needed. Would you like us to schedule a priority callback? Credits, if any, are a one-time credit, subject to account review; availability can vary by account and region.",2
C014278,urban_east,0,67,0.81,36.3,priority_callback,Service factors likely; review line or schedule investigation.,"We can review your plan and check your line where needed. Would you like us to schedule a priority callback? Credits, if any, are a one-time credit, subject to account review; availability can vary by account and region.",2
C000163,urban_west,0,63,0.87,36.3,priority_callback,Service factors likely; review line or schedule investigation.,"We can review your plan and check your line where needed. Would you like us to schedule a priority callback? Credits, if any, are a one-time credit, subject to account review; availability can vary by account and region.",2
C017271,urban_east,0,67,0.81,36.3,priority_callback,Service factors likely; review line or schedule investigation.,"We can review your plan and check your line where needed. Would you like us to schedule a priority callback? Credits, if any, are a one-time credit, subject to account review; availability can vary by account and region.",2
C016919,rural_south,0,63,0.87,36.3,priority_callback,Service factors likely; review line or schedule investigation.,"We can review your plan and check your line where needed. Would you like us to schedule a priority callback? Credits, if any, are a one-time credit, subject to account review; availability can vary by account and region.",2
C003292,rural_north,0,63,0.87,36.3,priority_callback,Service factors likely; review line or schedule investigation.,"We can review your plan and check your line where needed. Would you like us to schedule a priority callback? Credits, if any, are a one-time credit, subject to account review; availability can vary by account and region.",2
C013135,urban_west,0,63,0.87,36.3,priority_callback,Service factors likely; review line or schedule investigation.,"We can review your plan and check your line where needed. Would you like us to schedule a priority callback? Credits, if any, are a one-time credit, subject to account review; availability can vary by account and region.",2
C016485,urban_east,0,63,0.87,36.3,priority_callback,Service factors likely; review line or schedule investigation.,"We can review your plan and check your line where needed. Would you like us to schedule a priority callback? Credits, if any, are a one-time credit, subject to account review; availability can vary by account and region.",2
C003413,metro_north,0,65,0.84,36.3,priority_callback,Service factors likely; review line or schedule investigation.,"We can review your plan and check your line where needed. Would you like us to schedule a priority callback? Credits, if any, are a one-time credit, subject to account review; availability can vary by account and region.",2
C005545,urban_west,0,63,0.87,36.3,priority_callback,Service factors likely; review line or schedule investigation.,"We can review your plan and check your line where needed. Would you like us to schedule a priority callback? Credits, if any, are a one-time credit, subject to account review; availability can vary by account and region.",2
C009186,suburb_east,0,67,0.81,36.3,priority_callback,Service factors likely; review line or schedule investigation.,"We can review your plan and check your line where needed. Would you like us to schedule a priority callback? Credits, if any, are a one-time credit, subject to account review; availability can vary by account and region.",2
C000059,metro_north,0,63,0.87,36.3,priority_callback,Service factors likely; review line or schedule investigation.,"We can review your plan and check your line where needed. Would you like us to schedule a priority callback? Credits, if any, are a one-time credit, subject to account review; availability can vary by account and region.",2
C019187,suburb_east,0,64,0.85,36.2,priority_callback,Service factors likely; review line or schedule investigation.,"We can review your plan and check your line where needed. Would you like us to schedule a priority callback? Credits, if any, are a one-time credit, subject to account review; availability can vary by account and region.",2
C012686,rural_south,0,62,0.88,36.2,priority_callback,Service factors likely; review line or schedule investigation.,"We can review your plan and check your line where needed. Would you like us to schedule a priority callback? Credits, if any, are a one-time credit, subject to account review; availability can vary by account and region.",2
C016139,rural_south,0,68,0.79,36.2,plan_review,Moderate risk; review options before committing credits.,"We can review your plan and check your line where needed. Would you like us to schedule a priority callback? Credits, if any, are a one-time credit, subject to account review; availability can vary by account and region.",0
C013404,urban_east,0,68,0.79,36.2,plan_review,Moderate risk; review options before committing credits.,"We can review your plan and check your line where needed. Would you like us to schedule a priority callback? Credits, if any, are a one-time credit, subject to account review; availability can vary by account and region.",0
C003711,metro_north,0,62,0.88,36.2,priority_callback,Service factors likely; review line or schedule investigation.,"We can review your plan and check your line where needed. Would you like us to schedule a priority callback? Credits, if any, are a one-time credit, subject to account review; availability can vary by account and region.",2
C003424,metro_north,0,62,0.88,36.2,priority_callback,Service factors likely; review line or schedule investigation.,"We can review your plan and check your line where needed. Would you like us to schedule a priority callback? Credits, if any, are a one-time credit, subject to account review; availability can vary by account and region.",2
C016173,rural_north,0,68,0.79,36.2,plan_review,Moderate risk; review options before committing credits.,"We can review your plan and check your line where needed. Would you like us to schedule a priority callback? Credits, if any, are a one-time credit, subject to account review; availability can vary by account and region.",0
C008701,rural_south,0,64,0.85,36.2,priority_callback,Service factors likely; review line or schedule investigation.,"We can review your plan and check your line where needed. Would you like us to schedule a priority callback? Credits, if any, are a one-time credit, subject to account review; availability can vary by account and region.",2
C011023,rural_north,0,64,0.85,36.2,priority_callback,Service factors likely; review line or schedule investigation.,"We can review your plan and check your line where needed. Would you like us to schedule a priority callback? Credits, if any, are a one-time credit, subject to account review; availability can vary by account and region.",2
C011839,metro_north,0,66,0.82,36.2,priority_callback,Service factors likely; review line or schedule investigation.,"We can review your plan and check your line where needed. Would you like us to schedule a priority callback? Credits, if any, are a one-time credit, subject to account review; availability can vary by account and region.",2
C015593,suburb_east,0,66,0.82,36.2,priority_callback,Service factors likely; review line or schedule investigation.,"We can review your plan and check your line where needed. Would you like us to schedule a priority callback? Credits, if any, are a one-time credit, subject to account review; availability can vary by account and region.",2
C010628,urban_east,0,69,0.77,36.1,plan_review,Moderate risk; review options before committing credits.,"We can review your plan and check your line where needed. Would you like us to schedule a priority callback? Credits, if any, are a one-time credit, subject to account review; availability can vary by account and region.",0
C003694,metro_south,0,61,0.89,36.1,priority_callback,Service factors likely; review line or schedule investigation.,"We can review your plan and check your line where needed. Would you like us to schedule a priority callback? Credits, if any, are a one-time credit, subject to account review; availability can vary by account and region.",2
C016549,urban_east,0,63,0.86,36.1,priority_callback,Service factors likely; review line or schedule investigation.,"We can review your plan and check your line where needed. Would you like us to schedule a priority callback? Credits, if any, are a one-time credit, subject to account review; availability can vary by account and region.",2
C005907,urban_east,0,63,0.86,36.1,priority_callback,Service factors likely; review line or schedule investigation.,"We can review your plan and check your line where needed. Would you like us to schedule a priority callback? Credits, if any, are a one-time credit, subject to account review; availability can vary by account and region.",2
C017539,rural_south,0,61,0.89,36.1,priority_callback,Service factors likely; review line or schedule investigation.,"We can review your plan and check your line where needed. Would you like us to schedule a priority callback? Credits, if any, are a one-time credit, subject to account review; availability can vary by account and region.",2
C004281,metro_north,0,65,0.83,36.1,priority_callback,Service factors likely; review line or schedule investigation.,"We can review your plan and check your line where needed. Would you like us to schedule a priority callback? Credits, if any, are a one-time credit, subject to account review; availability can vary by account and region.",2
C000650,urban_east,0,65,0.83,36.1,priority_callback,Service factors likely; review line or schedule investigation.,"We can review your plan and check your line where needed. Would you like us to schedule a priority callback? Credits, if any, are a one-time credit, subject to account review; availability can vary by account and region.",2
C014903,metro_north,0,67,0.8,36.1,priority_callback,Service factors likely; review line or schedule investigation.,"We can review your plan and check your line where needed. Would you like us to schedule a priority callback? Credits, if any, are a one-time credit, subject to account review; availability can vary by account and region.",2
C015214,metro_north,0,63,0.86,36.1,priority_callback,Service factors likely; review line or schedule investigation.,"We can review your plan and check your line where needed. Would you like us to schedule a priority callback? Credits, if any, are a one-time credit, subject to account review; availability can vary by account and region.",2
C015462,suburb_east,0,67,0.8,36.1,priority_callback,Service factors likely; review line or schedule investigation.,"We can review your plan and check your line where needed. Would you like us to schedule a priority callback? Credits, if any, are a one-time credit, subject to account review; availability can vary by account and region.",2
C009944,urban_west,0,61,0.89,36.1,priority_callback,Service factors likely; review line or schedule investigation.,"We can review your plan and check your line where needed. Would you like us to schedule a priority callback? Credits, if any, are a one-time credit, subject to account review; availability can vary by account and region.",2
C019694,urban_east,0,67,0.8,36.1,priority_callback,Service factors likely; review line or schedule investigation.,"We can review your plan and check your line where needed. Would you like us to schedule a priority callback? Credits, if any, are a one-time credit, subject to account review; availability can vary by account and region.",2
C010377,metro_north,0,63,0.86,36.1,priority_callback,Service factors likely; review line or schedule investigation.,"We can review your plan and check your line where needed. Would you like us to schedule a priority callback? Credits, if any, are a one-time credit, subject to account review; availability can vary by account and region.",2
C000812,suburb_east,0,63,0.86,36.1,priority_callback,Service factors likely; review line or schedule investigation.,"We can review your plan and check your line where needed. Would you like us to schedule a priority callback? Credits, if any, are a one-time credit, subject to account review; availability can vary by account and region.",2
C015492,metro_north,0,61,0.89,36.1,priority_callback,Service factors likely; review line or schedule investigation.,"We can review your plan and check your line where needed. Would you like us to schedule a priority callback? Credits, if any, are a one-time credit, subject to account review; availability can vary by account and region.",2
C009189,rural_south,0,69,0.77,36.1,plan_review,Moderate risk; review options before committing credits.,"We can review your plan and check your line where needed. Would you like us to schedule a priority callback? Credits, if any, are a one-time credit, subject to account review; availability can vary by account and region.",0
C012152,urban_east,0,60,0.9,36.0,priority_callback,Service factors likely; review line or schedule investigation.,"We can review your plan and check your line where needed. Would you like us to schedule a priority callback? Credits, if any, are a one-time credit, subject to account review; availability can vary by account and region.",2
C002972,metro_north,0,62,0.87,36.0,priority_callback,Service factors likely; review line or schedule investigation.,"We can review your plan and check your line where needed. Would you like us to schedule a priority callback? Credits, if any, are a one-time credit, subject to account review; availability can vary by account and region.",2
C013244,suburb_east,0,62,0.87,36.0,priority_callback,Service factors likely; review line or schedule investigation.,"We can review your plan and check your line where needed. Would you like us to schedule a priority callback? Credits, if any, are a one-time credit, subject to account review; availability can vary by account and region.",2
C006700,metro_south,0,60,0.9,36.0,priority_callback,Service factors likely; review line or schedule investigation.,"We can review your plan and check your line where needed. Would you like us to schedule a priority callback? Credits, if any, are a one-time credit, subject to account review; availability can vary by account and region.",2
C011769,metro_north,0,60,0.9,36.0,priority_callback,Service factors likely; review line or schedule investigation.,"We can review your plan and check your line where needed. Would you like us to schedule a priority callback? Credits, if any, are a one-time credit, subject to account review; availability can vary by account and region.",2
C008241,suburb_east,0,68,0.78,36.0,plan_review,Moderate risk; review options before committing credits.,"We can review your plan and check your line where needed. Would you like us to schedule a priority callback? Credits, if any, are a one-time credit, subject to account review; availability can vary by account and region.",0
C013616,suburb_east,0,66,0.81,36.0,priority_callback,Service factors likely; review line or schedule investigation.,"We can review your plan and check your line where needed. Would you like us to schedule a priority callback? Credits, if any, are a one-time credit, subject to account review; availability can vary by account and region.",2
C019582,urban_east,0,62,0.87,36.0,priority_callback,Service factors likely; review line or schedule investigation.,"We can review your plan and check your line where needed. Would you like us to schedule a priority callback? Credits, if any, are a one-time credit, subject to account review; availability can vary by account and region.",2
C007725,rural_north,0,66,0.81,36.0,priority_callback,Service factors likely; review line or schedule investigation.,"We can review your plan and check your line where needed. Would you like us to schedule a priority callback? Credits, if any, are a one-time credit, subject to account review; availability can vary by account and region.",2
C000557,metro_north,0,64,0.84,36.0,priority_callback,Service factors likely; review line or schedule investigation.,"We can review your plan and check your line where needed. Would you like us to schedule a priority callback? Credits, if any, are a one-time credit, subject to account review; availability can vary by account and region.",2
C012992,urban_east,0,66,0.81,36.0,priority_callback,Service factors likely; review line or schedule investigation.,"We can review your plan and check your line where needed. Would you like us to schedule a priority callback? Credits, if any, are a one-time credit, subject to account review; availability can vary by account and region.",2
C003531,metro_south,0,62,0.87,36.0,priority_callback,Service factors likely; review line or schedule investigation.,"We can review your plan and check your line where needed. Would you like us to schedule a priority callback? Credits, if any, are a one-time credit, subject to account review; availability can vary by account and region.",2
C018348,suburb_east,0,62,0.87,36.0,priority_callback,Service factors likely; review line or schedule investigation.,"We can review your plan and check your line where needed. Would you like us to schedule a priority callback? Credits, if any, are a one-time credit, subject to account review; availability can vary by account and region.",2
